1,user1,123456,false,,10000000
2,user2,123456,false,,10000000
3,user3,123456,false,,10000000
4,user4,123456,false,,10000000
5,user5,123456,false,,10000000
6,user6,123456,false,,10000000
7,user7,123456,false,,10000000
8,user8,123456,false,,10000000
9,user9,123456,false,,10000000
10,user10,123456,false,,10000000
11,user11,123456,false,,10000000
12,user12,123456,false,,10000000
13,user13,123456,false,,10000000
14,user14,123456,false,,10000000
15,user15,123456,false,activist|documentary|uganda,10000000
16,user16,123456,false,,10000000
17,user17,123456,false,,10000000
18,user18,123456,false,,10000000
19,user19,123456,false,,10000000
20,user20,123456,false,,10000000
21,user21,123456,false,,10000000
22,user22,123456,false,,10000000
23,user23,123456,false,Ron Howard,10000000
24,user24,123456,false,,10000000
25,user25,123456,false,,10000000
26,user26,123456,false,,10000000
27,user27,123456,false,,10000000
28,user28,123456,false,,10000000
29,user29,123456,false,,10000000
30,user30,123456,false,,10000000
31,user31,123456,false,,10000000
32,user32,123456,false,,10000000
33,user33,123456,false,,10000000
34,user34,123456,false,,10000000
35,user35,123456,false,,10000000
36,user36,123456,false,,10000000
37,user37,123456,false,,10000000
38,user38,123456,false,,10000000
39,user39,123456,false,,10000000
40,user40,123456,false,,10000000
41,user41,123456,false,,10000000
42,user42,123456,false,,10000000
43,user43,123456,false,,10000000
44,user44,123456,false,,10000000
45,user45,123456,false,,10000000
46,user46,123456,false,,10000000
47,user47,123456,false,,10000000
48,user48,123456,false,,10000000
49,user49,123456,false,,10000000
50,user50,123456,false,,10000000
51,user51,123456,false,,10000000
52,user52,123456,false,,10000000
53,user53,123456,false,,10000000
54,user54,123456,false,,10000000
55,user55,123456,false,,10000000
56,user56,123456,false,,10000000
57,user57,123456,false,,10000000
58,user58,123456,false,,10000000
59,user59,123456,false,,10000000
60,user60,123456,false,,10000000
61,user61,123456,false,,10000000
62,user62,123456,false,,10000000
63,user63,123456,false,,10000000
64,user64,123456,false,,10000000
65,user65,123456,false,,10000000
66,user66,123456,false,,10000000
67,user67,123456,false,,10000000
68,user68,123456,false,music|weird,10000000
69,user69,123456,false,,10000000
70,user70,123456,false,,10000000
71,user71,123456,false,,10000000
72,user72,123456,false,,10000000
73,user73,123456,false,action|anime|b movie|comedt|drama|horror|indie|kung fu|love,10000000
74,user74,123456,false,,10000000
75,user75,123456,false,,10000000
76,user76,123456,false,,10000000
77,user77,123456,false,Gilliam|Trilogy of the Imagination,10000000
78,user78,123456,false,,10000000
79,user79,123456,false,,10000000
80,user80,123456,false,,10000000
81,user81,123456,false,,10000000
82,user82,123456,false,,10000000
83,user83,123456,false,,10000000
84,user84,123456,false,intense|r:violence|tarantino,10000000
85,user85,123456,false,,10000000
86,user86,123456,false,,10000000
87,user87,123456,false,,10000000
88,user88,123456,false,,10000000
89,user89,123456,false,,10000000
90,user90,123456,false,,10000000
91,user91,123456,false,,10000000
92,user92,123456,false,,10000000
93,user93,123456,false,,10000000
94,user94,123456,false,emotional|tragedy,10000000
95,user95,123456,false,,10000000
96,user96,123456,false,,10000000
97,user97,123456,false,,10000000
98,user98,123456,false,,10000000
99,user99,123456,false,,10000000
100,user100,123456,false,,10000000
101,user101,123456,false,,10000000
102,user102,123456,false,,10000000
103,user103,123456,false,,10000000
104,user104,123456,false,,10000000
105,user105,123456,false,,10000000
106,user106,123456,false,,10000000
107,user107,123456,false,,10000000
108,user108,123456,false,,10000000
109,user109,123456,false,,10000000
110,user110,123456,false,,10000000
111,user111,123456,false,,10000000
112,user112,123456,false,,10000000
113,user113,123456,false,,10000000
114,user114,123456,false,,10000000
115,user115,123456,false,,10000000
116,user116,123456,false,,10000000
117,user117,123456,false,,10000000
118,user118,123456,false,,10000000
119,user119,123456,false,,10000000
120,user120,123456,false,,10000000
121,user121,123456,false,,10000000
122,user122,123456,false,,10000000
123,user123,123456,false,,10000000
124,user124,123456,false,,10000000
125,user125,123456,false,,10000000
126,user126,123456,false,,10000000
127,user127,123456,false,,10000000
128,user128,123456,false,,10000000
129,user129,123456,false,,10000000
130,user130,123456,false,,10000000
131,user131,123456,false,,10000000
132,user132,123456,false,No progress|Too slow|Views,10000000
133,user133,123456,false,,10000000
134,user134,123456,false,,10000000
135,user135,123456,false,,10000000
136,user136,123456,false,,10000000
137,user137,123456,false,,10000000
138,user138,123456,false,artificial intelligence|Christopher Nolan|cult classic|cult film|genius|good science|intellectual|interesting ideea|jack nicholson|mathematics|philosophical issues|physics|psychological|psychology|relativity|sci-fi|Science Fiction|sentimental|space|Stanley Kubrick|time travel|time-travel,10000000
139,user139,123456,false,,10000000
140,user140,123456,false,,10000000
141,user141,123456,false,,10000000
142,user142,123456,false,,10000000
143,user143,123456,false,,10000000
144,user144,123456,false,,10000000
145,user145,123456,false,,10000000
146,user146,123456,false,,10000000
147,user147,123456,false,,10000000
148,user148,123456,false,,10000000
149,user149,123456,false,eerie|friendship|teenagers,10000000
150,user150,123456,false,,10000000
151,user151,123456,false,,10000000
152,user152,123456,false,,10000000
153,user153,123456,false,,10000000
154,user154,123456,false,,10000000
155,user155,123456,false,,10000000
156,user156,123456,false,,10000000
157,user157,123456,false,,10000000
158,user158,123456,false,,10000000
159,user159,123456,false,,10000000
160,user160,123456,false,,10000000
161,user161,123456,false,,10000000
162,user162,123456,false,,10000000
163,user163,123456,false,,10000000
164,user164,123456,false,,10000000
165,user165,123456,false,,10000000
166,user166,123456,false,,10000000
167,user167,123456,false,,10000000
168,user168,123456,false,,10000000
169,user169,123456,false,,10000000
170,user170,123456,false,,10000000
171,user171,123456,false,,10000000
172,user172,123456,false,,10000000
173,user173,123456,false,,10000000
174,user174,123456,false,,10000000
175,user175,123456,false,,10000000
176,user176,123456,false,sexist,10000000
177,user177,123456,false,,10000000
178,user178,123456,false,,10000000
179,user179,123456,false,nerdy|Science Fiction,10000000
180,user180,123456,false,,10000000
181,user181,123456,false,,10000000
182,user182,123456,false,,10000000
183,user183,123456,false,,10000000
184,user184,123456,false,,10000000
185,user185,123456,false,,10000000
186,user186,123456,false,,10000000
187,user187,123456,false,Emilio Estevez,10000000
188,user188,123456,false,,10000000
189,user189,123456,false,,10000000
190,user190,123456,false,,10000000
191,user191,123456,false,,10000000
192,user192,123456,false,,10000000
193,user193,123456,false,,10000000
194,user194,123456,false,,10000000
195,user195,123456,false,,10000000
196,user196,123456,false,,10000000
197,user197,123456,false,,10000000
198,user198,123456,false,,10000000
199,user199,123456,false,,10000000
200,user200,123456,false,critically acclaimed|Science Fiction,10000000
201,user201,123456,false,,10000000
202,user202,123456,false,,10000000
203,user203,123456,false,,10000000
204,user204,123456,false,,10000000
205,user205,123456,false,,10000000
206,user206,123456,false,,10000000
207,user207,123456,false,,10000000
208,user208,123456,false,,10000000
209,user209,123456,false,,10000000
210,user210,123456,false,,10000000
211,user211,123456,false,,10000000
212,user212,123456,false,British|childish plot|cult film|dark comedy|emotional|good animation|interesting concept - bad execution|plot holes|revenge|satirical|superhero|surrealism|true story,10000000
213,user213,123456,false,,10000000
214,user214,123456,false,,10000000
215,user215,123456,false,,10000000
216,user216,123456,false,,10000000
217,user217,123456,false,,10000000
218,user218,123456,false,,10000000
219,user219,123456,false,,10000000
220,user220,123456,false,,10000000
221,user221,123456,false,,10000000
222,user222,123456,false,,10000000
223,user223,123456,false,,10000000
224,user224,123456,false,,10000000
225,user225,123456,false,,10000000
226,user226,123456,false,,10000000
227,user227,123456,false,,10000000
228,user228,123456,false,,10000000
229,user229,123456,false,,10000000
230,user230,123456,false,,10000000
231,user231,123456,false,,10000000
232,user232,123456,false,,10000000
233,user233,123456,false,,10000000
234,user234,123456,false,,10000000
235,user235,123456,false,,10000000
236,user236,123456,false,,10000000
237,user237,123456,false,,10000000
238,user238,123456,false,,10000000
239,user239,123456,false,,10000000
240,user240,123456,false,,10000000
241,user241,123456,false,,10000000
242,user242,123456,false,,10000000
243,user243,123456,false,,10000000
244,user244,123456,false,,10000000
245,user245,123456,false,,10000000
246,user246,123456,false,,10000000
247,user247,123456,false,,10000000
248,user248,123456,false,,10000000
249,user249,123456,false,,10000000
250,user250,123456,false,,10000000
251,user251,123456,false,,10000000
252,user252,123456,false,,10000000
253,user253,123456,false,,10000000
254,user254,123456,false,,10000000
255,user255,123456,false,,10000000
256,user256,123456,false,,10000000
257,user257,123456,false,akira kurosawa|black comedy,10000000
258,user258,123456,false,,10000000
259,user259,123456,false,,10000000
260,user260,123456,false,,10000000
261,user261,123456,false,,10000000
262,user262,123456,false,,10000000
263,user263,123456,false,,10000000
264,user264,123456,false,,10000000
265,user265,123456,false,,10000000
266,user266,123456,false,,10000000
267,user267,123456,false,,10000000
268,user268,123456,false,,10000000
269,user269,123456,false,,10000000
270,user270,123456,false,,10000000
271,user271,123456,false,,10000000
272,user272,123456,false,,10000000
273,user273,123456,false,,10000000
274,user274,123456,false,,10000000
275,user275,123456,false,,10000000
276,user276,123456,false,,10000000
277,user277,123456,false,anime,10000000
278,user278,123456,false,,10000000
279,user279,123456,false,,10000000
280,user280,123456,false,,10000000
281,user281,123456,false,,10000000
282,user282,123456,false,,10000000
283,user283,123456,false,,10000000
284,user284,123456,false,,10000000
285,user285,123456,false,,10000000
286,user286,123456,false,,10000000
287,user287,123456,false,,10000000
288,user288,123456,false,,10000000
289,user289,123456,false,,10000000
290,user290,123456,false,,10000000
291,user291,123456,false,,10000000
292,user292,123456,false,,10000000
293,user293,123456,false,,10000000
294,user294,123456,false,,10000000
295,user295,123456,false,,10000000
296,user296,123456,false,,10000000
297,user297,123456,false,adam sandler|overrated|that fat nerd is just annoying,10000000
298,user298,123456,false,,10000000
299,user299,123456,false,,10000000
300,user300,123456,false,,10000000
301,user301,123456,false,,10000000
302,user302,123456,false,,10000000
303,user303,123456,false,,10000000
304,user304,123456,false,,10000000
305,user305,123456,false,,10000000
306,user306,123456,false,,10000000
307,user307,123456,false,,10000000
308,user308,123456,false,,10000000
309,user309,123456,false,,10000000
310,user310,123456,false,,10000000
311,user311,123456,false,,10000000
312,user312,123456,false,,10000000
313,user313,123456,false,Ei muista|Katso Sanna!,10000000
314,user314,123456,false,awesome|awesome soundtrack|jedi|space adventure,10000000
315,user315,123456,false,,10000000
316,user316,123456,false,,10000000
317,user317,123456,false,,10000000
318,user318,123456,false,,10000000
319,user319,123456,false,,10000000
320,user320,123456,false,,10000000
321,user321,123456,false,,10000000
322,user322,123456,false,,10000000
323,user323,123456,false,,10000000
324,user324,123456,false,,10000000
325,user325,123456,false,,10000000
326,user326,123456,false,,10000000
327,user327,123456,false,,10000000
328,user328,123456,false,,10000000
329,user329,123456,false,,10000000
330,user330,123456,false,,10000000
331,user331,123456,false,,10000000
332,user332,123456,false,,10000000
333,user333,123456,false,,10000000
334,user334,123456,false,,10000000
335,user335,123456,false,,10000000
336,user336,123456,false,,10000000
337,user337,123456,false,,10000000
338,user338,123456,false,,10000000
339,user339,123456,false,,10000000
340,user340,123456,false,,10000000
341,user341,123456,false,,10000000
342,user342,123456,false,,10000000
343,user343,123456,false,,10000000
344,user344,123456,false,,10000000
345,user345,123456,false,,10000000
346,user346,123456,false,anime|apocalypse|dystopia|explosions|interesting|long|martial arts|sci-fi|virtual reality,10000000
347,user347,123456,false,romance,10000000
348,user348,123456,false,,10000000
349,user349,123456,false,,10000000
350,user350,123456,false,,10000000
351,user351,123456,false,,10000000
352,user352,123456,false,,10000000
353,user353,123456,false,,10000000
354,user354,123456,false,,10000000
355,user355,123456,false,,10000000
356,user356,123456,false,,10000000
357,user357,123456,false,,10000000
358,user358,123456,false,,10000000
359,user359,123456,false,,10000000
360,user360,123456,false,,10000000
361,user361,123456,false,,10000000
362,user362,123456,false,,10000000
363,user363,123456,false,,10000000
364,user364,123456,false,action|aging|aliens|alternate reality|amazing storytelling|Ang Lee|anime|assassin|beautiful scenery|Bill Murray|bookshop|character development|cinematography|comedy|coming of age|cooking|dark humor|Disney|eastern europe|europe|existentialism|fairy tale|family|feel-good|feminist|Fernando E. Solanas|food|friends|funny|George Lucas|great dial,10000000
365,user365,123456,false,,10000000
366,user366,123456,false,,10000000
367,user367,123456,false,,10000000
368,user368,123456,false,,10000000
369,user369,123456,false,,10000000
370,user370,123456,false,,10000000
371,user371,123456,false,,10000000
372,user372,123456,false,,10000000
373,user373,123456,false,,10000000
374,user374,123456,false,,10000000
375,user375,123456,false,,10000000
376,user376,123456,false,,10000000
377,user377,123456,false,,10000000
378,user378,123456,false,,10000000
379,user379,123456,false,,10000000
380,user380,123456,false,,10000000
381,user381,123456,false,,10000000
382,user382,123456,false,,10000000
383,user383,123456,false,,10000000
384,user384,123456,false,,10000000
385,user385,123456,false,,10000000
386,user386,123456,false,,10000000
387,user387,123456,false,,10000000
388,user388,123456,false,,10000000
389,user389,123456,false,,10000000
390,user390,123456,false,,10000000
391,user391,123456,false,,10000000
392,user392,123456,false,,10000000
393,user393,123456,false,,10000000
394,user394,123456,false,,10000000
395,user395,123456,false,,10000000
396,user396,123456,false,,10000000
397,user397,123456,false,,10000000
398,user398,123456,false,,10000000
399,user399,123456,false,,10000000
400,user400,123456,false,,10000000
401,user401,123456,false,,10000000
402,user402,123456,false,coming of age|science fiction,10000000
403,user403,123456,false,,10000000
404,user404,123456,false,,10000000
405,user405,123456,false,,10000000
406,user406,123456,false,,10000000
407,user407,123456,false,,10000000
408,user408,123456,false,,10000000
409,user409,123456,false,,10000000
410,user410,123456,false,,10000000
411,user411,123456,false,,10000000
412,user412,123456,false,,10000000
413,user413,123456,false,,10000000
414,user414,123456,false,,10000000
415,user415,123456,false,,10000000
416,user416,123456,false,,10000000
417,user417,123456,false,,10000000
418,user418,123456,false,,10000000
419,user419,123456,false,,10000000
420,user420,123456,false,,10000000
421,user421,123456,false,,10000000
422,user422,123456,false,,10000000
423,user423,123456,false,Alfred Hitchcock|atmospheric|cult film|dark comedy|dark humor|depressing|disturbing|hallucinatory|John Cleese|Martin Scorsese|Marx Brothers|Monty Python|nonlinear|organized crime|paranoid|post-apocalyptic|psychology|Quentin Tarantino|quirky|revenge|social commentary|stylized|surreal|surrealism|Takashi Miike|twist ending|vengeance|violent|v,10000000
424,user424,123456,false,,10000000
425,user425,123456,false,,10000000
426,user426,123456,false,,10000000
427,user427,123456,false,,10000000
428,user428,123456,false,,10000000
429,user429,123456,false,,10000000
430,user430,123456,false,,10000000
431,user431,123456,false,billy bob thorton|cheezy to the max!|claire daines|classic|clever|colin firth|controversial|cool|cool and great music|cute|denzel washington|ethan hawke|good but not accurate|Gwenth Paltrow|hillarious|hugh grant|il|joseph fiennes|lake forest|Leonardo DiCaprio|liked the other two better|meg ryan|Micheal Keaton|moody|must see|not too thrille,10000000
432,user432,123456,false,,10000000
433,user433,123456,false,,10000000
434,user434,123456,false,,10000000
435,user435,123456,false,,10000000
436,user436,123456,false,,10000000
437,user437,123456,false,,10000000
438,user438,123456,false,,10000000
439,user439,123456,false,,10000000
440,user440,123456,false,,10000000
441,user441,123456,false,,10000000
442,user442,123456,false,,10000000
443,user443,123456,false,,10000000
444,user444,123456,false,,10000000
445,user445,123456,false,,10000000
446,user446,123456,false,,10000000
447,user447,123456,false,,10000000
448,user448,123456,false,sci-fi|supernatural powers,10000000
449,user449,123456,false,,10000000
450,user450,123456,false,Alex van Warmerdam|magical realism|weird,10000000
451,user451,123456,false,,10000000
452,user452,123456,false,,10000000
453,user453,123456,false,,10000000
454,user454,123456,false,,10000000
455,user455,123456,false,,10000000
456,user456,123456,false,animation|anime|based on a TV show|fantasy world,10000000
457,user457,123456,false,,10000000
458,user458,123456,false,,10000000
459,user459,123456,false,,10000000
460,user460,123456,false,,10000000
461,user461,123456,false,,10000000
462,user462,123456,false,,10000000
463,user463,123456,false,,10000000
464,user464,123456,false,,10000000
465,user465,123456,false,,10000000
466,user466,123456,false,,10000000
467,user467,123456,false,,10000000
468,user468,123456,false,,10000000
469,user469,123456,false,,10000000
470,user470,123456,false,,10000000
471,user471,123456,false,,10000000
472,user472,123456,false,,10000000
473,user473,123456,false,,10000000
474,user474,123456,false,,10000000
475,user475,123456,false,,10000000
476,user476,123456,false,,10000000
477,user477,123456,false,,10000000
478,user478,123456,false,Iceland|photography|travel,10000000
479,user479,123456,false,,10000000
480,user480,123456,false,,10000000
481,user481,123456,false,big brother|brother sister relationship|cult film|documentary|George Lucas|privacy|sad|siblings|starwars,10000000
482,user482,123456,false,,10000000
483,user483,123456,false,,10000000
484,user484,123456,false,,10000000
485,user485,123456,false,,10000000
486,user486,123456,false,,10000000
487,user487,123456,false,,10000000
488,user488,123456,false,,10000000
489,user489,123456,false,,10000000
490,user490,123456,false,,10000000
491,user491,123456,false,,10000000
492,user492,123456,false,,10000000
493,user493,123456,false,,10000000
494,user494,123456,false,,10000000
495,user495,123456,false,,10000000
496,user496,123456,false,,10000000
497,user497,123456,false,,10000000
498,user498,123456,false,,10000000
499,user499,123456,false,,10000000
500,user500,123456,false,,10000000
501,user501,123456,false,dark comedy|Guy Ritchie|nonlinear|organized crime|Pixar|psychology|Quentin Tarantino|time travel|twist ending,10000000
502,user502,123456,false,,10000000
503,user503,123456,false,Science Fiction|space,10000000
504,user504,123456,false,,10000000
505,user505,123456,false,,10000000
506,user506,123456,false,,10000000
507,user507,123456,false,,10000000
508,user508,123456,false,,10000000
509,user509,123456,false,,10000000
510,user510,123456,false,,10000000
511,user511,123456,false,,10000000
512,user512,123456,false,,10000000
513,user513,123456,false,,10000000
514,user514,123456,false,,10000000
515,user515,123456,false,,10000000
516,user516,123456,false,,10000000
517,user517,123456,false,,10000000
518,user518,123456,false,,10000000
519,user519,123456,false,,10000000
520,user520,123456,false,,10000000
521,user521,123456,false,,10000000
522,user522,123456,false,,10000000
523,user523,123456,false,,10000000
524,user524,123456,false,,10000000
525,user525,123456,false,,10000000
526,user526,123456,false,,10000000
527,user527,123456,false,,10000000
528,user528,123456,false,,10000000
529,user529,123456,false,,10000000
530,user530,123456,false,,10000000
531,user531,123456,false,80's classic|comedy of manners|dance|demons|Disney|Disney studios|disturbing|girlie movie|horror|Julie Andrews|multiple roles|music|musical|musical parodies|Nudity (Full Frontal - Notable)|Nudity (Full Frontal)|Nudity (Topless)|possession|psychological|rich families|scary|strippers|villain nonexistent or not needed for good story|violent,10000000
532,user532,123456,false,,10000000
533,user533,123456,false,,10000000
534,user534,123456,false,,10000000
535,user535,123456,false,,10000000
536,user536,123456,false,,10000000
537,user537,123456,false,,10000000
538,user538,123456,false,,10000000
539,user539,123456,false,,10000000
540,user540,123456,false,,10000000
541,user541,123456,false,,10000000
542,user542,123456,false,,10000000
543,user543,123456,false,,10000000
544,user544,123456,false,,10000000
545,user545,123456,false,,10000000
546,user546,123456,false,,10000000
547,user547,123456,false,afi|dvd|getdvd|hdtv|holes40s|holes60s|holes70s|holes80s|holes90s|sightsound|tcm|tivo|toplist12|toplist13|toplist14|toplist15,10000000
548,user548,123456,false,,10000000
549,user549,123456,false,,10000000
550,user550,123456,false,,10000000
551,user551,123456,false,,10000000
552,user552,123456,false,,10000000
553,user553,123456,false,,10000000
554,user554,123456,false,,10000000
555,user555,123456,false,,10000000
556,user556,123456,false,,10000000
557,user557,123456,false,,10000000
558,user558,123456,false,,10000000
559,user559,123456,false,,10000000
560,user560,123456,false,,10000000
561,user561,123456,false,,10000000
562,user562,123456,false,,10000000
563,user563,123456,false,,10000000
564,user564,123456,false,,10000000
565,user565,123456,false,,10000000
566,user566,123456,false,,10000000
567,user567,123456,false,,10000000
568,user568,123456,false,,10000000
569,user569,123456,false,,10000000
570,user570,123456,false,,10000000
571,user571,123456,false,,10000000
572,user572,123456,false,,10000000
573,user573,123456,false,,10000000
574,user574,123456,false,,10000000
575,user575,123456,false,,10000000
576,user576,123456,false,,10000000
577,user577,123456,false,,10000000
578,user578,123456,false,,10000000
579,user579,123456,false,,10000000
580,user580,123456,false,,10000000
581,user581,123456,false,,10000000
582,user582,123456,false,,10000000
583,user583,123456,false,determination|devotion|music,10000000
584,user584,123456,false,,10000000
585,user585,123456,false,,10000000
586,user586,123456,false,,10000000
587,user587,123456,false,,10000000
588,user588,123456,false,,10000000
589,user589,123456,false,,10000000
590,user590,123456,false,,10000000
591,user591,123456,false,,10000000
592,user592,123456,false,,10000000
593,user593,123456,false,,10000000
594,user594,123456,false,,10000000
595,user595,123456,false,,10000000
596,user596,123456,false,,10000000
597,user597,123456,false,,10000000
598,user598,123456,false,,10000000
599,user599,123456,false,,10000000
600,user600,123456,false,,10000000
601,user601,123456,false,,10000000
602,user602,123456,false,,10000000
603,user603,123456,false,,10000000
604,user604,123456,false,,10000000
605,user605,123456,false,,10000000
606,user606,123456,false,,10000000
607,user607,123456,false,,10000000
608,user608,123456,false,,10000000
609,user609,123456,false,,10000000
610,user610,123456,false,,10000000
611,user611,123456,false,hijacking|ocean|pirates|suspense,10000000
612,user612,123456,false,,10000000
613,user613,123456,false,,10000000
614,user614,123456,false,,10000000
615,user615,123456,false,femme-fatale|gritty|low-budget|revenge|vengeance,10000000
616,user616,123456,false,,10000000
617,user617,123456,false,,10000000
618,user618,123456,false,,10000000
619,user619,123456,false,,10000000
620,user620,123456,false,,10000000
621,user621,123456,false,,10000000
622,user622,123456,false,,10000000
623,user623,123456,false,,10000000
624,user624,123456,false,,10000000
625,user625,123456,false,,10000000
626,user626,123456,false,,10000000
627,user627,123456,false,,10000000
628,user628,123456,false,,10000000
629,user629,123456,false,,10000000
630,user630,123456,false,classic sci-fi|series,10000000
631,user631,123456,false,,10000000
632,user632,123456,false,,10000000
633,user633,123456,false,,10000000
634,user634,123456,false,,10000000
635,user635,123456,false,,10000000
636,user636,123456,false,,10000000
637,user637,123456,false,,10000000
638,user638,123456,false,,10000000
639,user639,123456,false,,10000000
640,user640,123456,false,,10000000
641,user641,123456,false,,10000000
642,user642,123456,false,,10000000
643,user643,123456,false,,10000000
644,user644,123456,false,,10000000
645,user645,123456,false,,10000000
646,user646,123456,false,,10000000
647,user647,123456,false,,10000000
648,user648,123456,false,,10000000
649,user649,123456,false,,10000000
650,user650,123456,false,,10000000
651,user651,123456,false,,10000000
652,user652,123456,false,,10000000
653,user653,123456,false,,10000000
654,user654,123456,false,,10000000
655,user655,123456,false,,10000000
656,user656,123456,false,,10000000
657,user657,123456,false,,10000000
658,user658,123456,false,,10000000
659,user659,123456,false,,10000000
660,user660,123456,false,imaginary world|script,10000000
661,user661,123456,false,,10000000
662,user662,123456,false,,10000000
663,user663,123456,false,action|Syfy,10000000
664,user664,123456,false,,10000000
665,user665,123456,false,,10000000
666,user666,123456,false,,10000000
667,user667,123456,false,,10000000
668,user668,123456,false,,10000000
669,user669,123456,false,,10000000
670,user670,123456,false,,10000000
671,user671,123456,false,,10000000
